type,service,union,local,class,step,1/1/2015,4/1/2015,1/1/2016,4/1/2016,7/1/2016,1/1/2017,4/1/2017,7/1/2017,1/1/2018,4/1/2018,7/1/2018,1/1/2019,4/1/2019,7/1/2019,1/1/2020,4/1/2020,1/1/2021,4/1/2021,1/1/2022,4/1/2022,1/1/2023,4/1/2023,1/1/2024,4/1/2024,1/1/2025,4/1/2025,1/1/2026,4/1/2026,1/1/2027,1/1/2028,1/1/2029,1/1/2030
ems,Toronto,CUPE,416,Full Time PCP,Starting Wage,$35.68,,$36.04,,$36.31,$36.68,,$37.03,$37.40,,$37.68,$38.06,,$38.34,$39.11,,$39.80,,$40.50,,$41.31,,$42.13,,$43.79,,$45.50,,$47.23,$48.65,,
ems,Toronto,CUPE,416,Full Time PCP,Step 2,$36.39,,$36.75,,$37.03,$37.40,,$37.77,$38.15,,$38.43,$38.82,,$39.11,$39.87,,$40.58,,$41.30,,$42.12,,$42.96,,$44.66,,$46.40,,$48.16,$49.61,,
ems,Toronto,CUPE,416,Full Time PCP,Step 3,$37.91,,$38.29,,$38.58,$38.97,,$39.35,$39.74,,$40.04,$40.44,,$40.74,$41.55,,$42.29,,$43.04,,$43.90,,$44.77,,$46.54,,$48.35,,$50.19,$51.70,,
ems,Toronto,CUPE,416,Full Time PCP,Full Wage,$39.17,,$39.56,,$39.86,$40.26,,$40.65,$41.06,,$41.37,$41.78,,$42.09,$42.92,,$43.68,,$44.45,,$45.33,,$46.23,,$48.06,,$49.93,,$51.83,$53.38,,
ems,Toronto,CUPE,416,Full Time PCP FTO (Toronto),Starting Wage,$37.11,,$37.48,,$37.77,$38.14,,$38.51,$38.90,,$39.19,$39.58,,$39.88,$40.67,,$41.39,,$42.12,,$42.96,,$43.81,,$45.54,,$47.32,,$49.11,$50.59,,
ems,Toronto,CUPE,416,Full Time PCP FTO (Toronto),Step 2,$37.85,,$38.23,,$38.52,$38.91,,$39.28,$39.68,,$39.97,$40.37,,$40.68,$41.47,,$42.21,,$42.95,,$43.81,,$44.68,,$46.44,,$48.26,,$50.09,$51.59,,
ems,Toronto,CUPE,416,Full Time PCP FTO (Toronto),Step 3,$39.43,,$39.82,,$40.13,$40.53,,$40.92,$41.33,,$41.64,$42.06,,$42.37,$43.21,,$43.97,,$44.75,,$45.64,,$46.55,,$48.39,,$50.28,,$52.19,$53.75,,
ems,Toronto,CUPE,416,Full Time PCP FTO (Toronto),Full Wage,$40.74,,$41.15,,$41.46,$41.88,,$42.28,$42.71,,$43.03,$43.46,,$43.78,$44.64,,$45.43,,$46.23,,$47.14,,$48.09,,$49.99,,$51.94,,$53.91,$55.53,,
ems,Toronto,CUPE,416,Full Time PCP (Level II; Toronto only),Starting Wage,$39.99,,$40.39,,$40.70,$41.11,,$41.50,$41.92,,$42.23,$42.66,,$42.98,$43.82,,$44.60,,$45.39,,$46.29,,$47.21,,$49.07,,$50.99,,$52.93,$54.51,,
ems,Toronto,CUPE,416,Full Time PCP (Level II; Toronto only),Full Wage,$40.32,,$40.72,,$41.03,$41.44,,$41.85,$42.26,,$42.58,$43.01,,$43.33,$45.08,,$45.88,,$46.89,,$47.62,,$48.57,,$50.49,,$52.46,,$54.45,$56.08,,
ems,Toronto,CUPE,416,Full Time PCP FTO (Level II; Toronto only),Starting Wage,$41.59,,$42.01,,$42.33,$42.75,,$43.16,$43.60,,$43.92,$44.36,,$44.70,$45.57,,$46.38,,$47.20,,$48.14,,$49.10,,$51.04,,$53.03,,$55.05,$56.70,,
ems,Toronto,CUPE,416,Full Time PCP FTO (Level II; Toronto only),Step 2,$42.79,,$43.22,,$43.55,$43.98,,$44.41,$44.85,,$45.19,$45.64,,$45.98,$46.88,,$47.72,,$48.56,,$49.53,,$50.52,,$52.52,,$54.56,,$56.64,$58.34,,
ems,Toronto,CUPE,416,Full Time ACP,Starting Wage,$39.16,,$39.55,,$39.85,$40.25,,$40.64,$41.05,,$41.36,$41.77,,$42.08,$42.91,,$43.67,,$44.44,,$45.32,,$46.22,,$48.76,,$50.69,,$52.69,$54.27,,
ems,Toronto,CUPE,416,Full Time ACP,Step 2,$40.32,,$40.72,,$41.03,$41.44,,$41.85,$42.26,,$42.58,$43.01,,$43.33,$44.19,,$44.97,,$45.77,,$46.68,,$47.61,,$50.23,,$52.21,,$54.27,$55.90,,
ems,Toronto,CUPE,416,Full Time ACP,Step 3,$41.50,,$41.92,,$42.23,$42.66,,$43.07,$43.50,,$43.83,$44.27,,$44.60,$45.47,,$46.27,,$47.09,,$48.03,,$48.99,,$51.68,,$53.73,,$55.85,$57.52,,
ems,Toronto,CUPE,416,Full Time ACP,Full Wage,$43.19,,$43.62,,$43.95,$44.39,,$44.83,$45.27,,$45.61,$46.07,,$46.41,$47.34,,$48.18,,$49.03,,$50.01,,$51.01,,$53.82,,$55.94,,$58.15,$59.90,,
ems,Toronto,CUPE,416,Full Time ACP FTO (Toronto),Starting Wage,$40.73,,$41.14,,$41.45,$41.87,,$42.27,$42.69,,$43.01,$43.45,,$43.77,$44.63,,$45.42,,$46.22,,$47.14,,$48.08,,$50.72,,$52.73,,$54.81,$56.46,,
ems,Toronto,CUPE,416,Full Time ACP FTO (Toronto),Step 2,$41.93,,$42.35,,$42.67,$43.10,,$43.52,$43.95,,$44.28,$44.73,,$45.06,$45.96,,$46.77,,$47.60,,$48.55,,$49.52,,$52.24,,$54.31,,$56.45,$58.15,,
ems,Toronto,CUPE,416,Full Time ACP FTO (Toronto),Step 3,$43.16,,$43.59,,$43.92,$44.36,,$44.79,$45.24,,$45.58,$46.04,,$46.38,$47.29,,$48.12,,$48.97,,$49.94,,$50.93,,$53.73,,$55.85,,$58.06,$59.80,,
ems,Toronto,CUPE,416,Full Time ACP FTO (Toronto),Full Wage,$44.92,,$45.37,,$45.71,$46.17,,$46.62,$47.09,,$47.44,$47.91,,$48.27,$49.23,,$50.11,,$51.00,,$52.01,,$53.04,,$55.96,,$58.17,,$60.47,$62.28,,
ems,Toronto,CUPE,416,Full Time CCP (Toronto),Full Wage,$50.09,,$50.59,,$50.98,$51.49,,$51.99,$52.51,,$52.90,$53.43,,$53.83,$54.89,,$55.86,,$56.85,,$57.98,,$59.13,,$62.38,,$64.85,,$67.41,$69.43,,
ems,Toronto,CUPE,416,Full Time CCP FTO (Toronto),Full Wage,$52.11,,$52.63,,$53.03,$53.56,,$54.08,$54.62,,$55.03,$55.58,,$56.00,$57.08,,$58.09,,$59.12,,$60.30,,$61.50,,$64.88,,$67.45,,$70.11,$72.21,,
ems,Peel,OPSEU,277,Full Time PCP,Starting Wage,,$34.93,,$35.45,,,$35.89,,,$36.52,,,,,,,,,,,,,,,,,,,,,,
ems,Peel,OPSEU,277,Full Time PCP,Step 1,,$36.02,,$35.56,,,$37.02,,,$37.67,,,,,,,,,,,,,,,,,,,,,,
ems,Peel,OPSEU,277,Full Time PCP,Full Wage,,$37.11,,$37.67,,,$38.14,,,$38.80,,,,,,,,,,,$43.47,,$45.75,,$49.41,,$52.75,,$54.20,,,
ems,Peel,OPSEU,277,Full Time ACP,Starting Wage,,$39.13,,$39.72,,,$40.21,,,$40.92,,,,,,,,,,,,,,,,,,,,,,
ems,Peel,OPSEU,277,Full Time ACP,Step 1,,$40.36,,$40.96,,,$41.47,,,$42.20,,,,,,,,,,,,,,,,,,,,,,
ems,Peel,OPSEU,277,Full Time ACP,Full Wage,,$41.56,,$42.19,,,$42.72,,,$43.46,,,,,,,,,,,$48.69,,$51.25,,$55.35,,$59.08,,$60.71,,,
ems,Durham,CUPE,1764,Full Time PCP,Starting Wage,,$38.31,,$38.89,,,$39.65,,,$40.42,,,$41.13,,,$41.75,,$42.48,,$43.23,,$43.88,,$45.52,,$47.00,,$48.53,,,,
ems,Durham,CUPE,1764,Full Time PCP,Step 1,,$40.44,,$41.05,,,$41.85,,,$42.66,,,$43.42,,,$44.07,,$44.84,,$45.63,,$46.31,,$48.05,,$49.61,,$51.22,,,,
ems,Durham,CUPE,1764,Full Time PCP,Full Wage,,$42.57,,$43.21,,,$44.05,,,$44.91,,,$45.70,,,$46.39,,$47.20,,$48.03,,$48.75,,$50.58,,$52.22,,$53.92,,,,
ems,Durham,CUPE,1764,Full Time ACP,Starting Wage,,$41.12,,$41.74,,,$42.55,,,$43.38,,,$44.14,,,$44.80,,$45.59,,$46.39,,$47.08,,$48.84,,$50.43,,$52.07,,,,
ems,Durham,CUPE,1764,Full Time ACP,Step 1,,$43.41,,$44.06,,,$44.92,,,$45.79,,,$46.59,,,$47.29,,$48.12,,$48.96,,$49.69,,$51.56,,$53.23,,$54.96,,,,
ems,Durham,CUPE,1764,Full Time ACP,Full Wage,,$45.69,,$46.38,,,$47.28,,,$48.20,,,$49.04,,,$49.78,,$50.65,,$51.54,,$52.31,,$54.27,,$56.03,,$57.85,,,,